path,true,pred,confidence,true_name,pred_name
common/images/val/plastic/plastic_val_000.png,0,0,0.4072987735271454,plastic,plastic
common/images/val/plastic/plastic_val_001.png,0,0,0.33646243810653687,plastic,plastic
common/images/val/plastic/plastic_val_002.png,0,0,0.3556061387062073,plastic,plastic
common/images/val/plastic/plastic_val_003.png,0,0,0.35281580686569214,plastic,plastic
common/images/val/plastic/plastic_val_004.png,0,0,0.3628460764884949,plastic,plastic
common/images/val/plastic/plastic_val_005.png,0,0,0.3943876028060913,plastic,plastic
common/images/val/plastic/plastic_val_006.png,0,0,0.3523921072483063,plastic,plastic
common/images/val/plastic/plastic_val_007.png,0,0,0.3591053783893585,plastic,plastic
common/images/val/plastic/plastic_val_008.png,0,0,0.3494493365287781,plastic,plastic
common/images/val/plastic/plastic_val_009.png,0,0,0.35644054412841797,plastic,plastic
common/images/val/plastic/plastic_val_010.png,0,0,0.33826568722724915,plastic,plastic
common/images/val/plastic/plastic_val_011.png,0,0,0.3818146288394928,plastic,plastic
common/images/val/plastic/plastic_val_012.png,0,0,0.3631156086921692,plastic,plastic
common/images/val/plastic/plastic_val_013.png,0,0,0.3728025555610657,plastic,plastic
common/images/val/plastic/plastic_val_014.png,0,0,0.35408392548561096,plastic,plastic
common/images/val/plastic/plastic_val_015.png,0,0,0.3878242075443268,plastic,plastic
common/images/val/plastic/plastic_val_016.png,0,0,0.34917184710502625,plastic,plastic
common/images/val/plastic/plastic_val_017.png,0,0,0.3751591444015503,plastic,plastic
common/images/val/plastic/plastic_val_018.png,0,0,0.3518722355365753,plastic,plastic
common/images/val/plastic/plastic_val_019.png,0,0,0.380400687456131,plastic,plastic
common/images/val/plastic/plastic_val_020.png,0,0,0.3576985001564026,plastic,plastic
common/images/val/plastic/plastic_val_021.png,0,0,0.34874358773231506,plastic,plastic
common/images/val/plastic/plastic_val_022.png,0,0,0.34294670820236206,plastic,plastic
common/images/val/plastic/plastic_val_023.png,0,0,0.3530849814414978,plastic,plastic
common/images/val/plastic/plastic_val_024.png,0,0,0.37068790197372437,plastic,plastic
common/images/val/plastic/plastic_val_025.png,0,0,0.34509941935539246,plastic,plastic
common/images/val/plastic/plastic_val_026.png,0,0,0.3947923183441162,plastic,plastic
common/images/val/plastic/plastic_val_027.png,0,0,0.35679924488067627,plastic,plastic
common/images/val/plastic/plastic_val_028.png,0,0,0.3573206961154938,plastic,plastic
common/images/val/plastic/plastic_val_029.png,0,0,0.3522671163082123,plastic,plastic
common/images/val/plastic/plastic_val_030.png,0,0,0.35756006836891174,plastic,plastic
common/images/val/plastic/plastic_val_031.png,0,0,0.36469554901123047,plastic,plastic
common/images/val/plastic/plastic_val_032.png,0,0,0.3567069470882416,plastic,plastic
common/images/val/plastic/plastic_val_033.png,0,0,0.36733144521713257,plastic,plastic
common/images/val/plastic/plastic_val_034.png,0,1,0.3414859175682068,plastic,paper
common/images/val/plastic/plastic_val_035.png,0,0,0.34485316276550293,plastic,plastic
common/images/val/plastic/plastic_val_036.png,0,0,0.33502259850502014,plastic,plastic
common/images/val/plastic/plastic_val_037.png,0,0,0.36721256375312805,plastic,plastic
common/images/val/plastic/plastic_val_038.png,0,0,0.381056547164917,plastic,plastic
common/images/val/plastic/plastic_val_039.png,0,0,0.3563760817050934,plastic,plastic
common/images/val/plastic/plastic_val_040.png,0,0,0.3576243221759796,plastic,plastic
common/images/val/plastic/plastic_val_041.png,0,0,0.34192967414855957,plastic,plastic
common/images/val/plastic/plastic_val_042.png,0,0,0.3802027106285095,plastic,plastic
common/images/val/plastic/plastic_val_043.png,0,0,0.36248356103897095,plastic,plastic
common/images/val/plastic/plastic_val_044.png,0,0,0.36228808760643005,plastic,plastic
common/images/val/plastic/plastic_val_045.png,0,0,0.3593202531337738,plastic,plastic
common/images/val/plastic/plastic_val_046.png,0,0,0.350612998008728,plastic,plastic
common/images/val/plastic/plastic_val_047.png,0,0,0.3780873417854309,plastic,plastic
common/images/val/plastic/plastic_val_048.png,0,0,0.3508477210998535,plastic,plastic
common/images/val/plastic/plastic_val_049.png,0,0,0.36072051525115967,plastic,plastic
common/images/val/plastic/plastic_val_050.png,0,0,0.3940140902996063,plastic,plastic
common/images/val/plastic/plastic_val_051.png,0,0,0.36044514179229736,plastic,plastic
common/images/val/plastic/plastic_val_052.png,0,0,0.3446171283721924,plastic,plastic
common/images/val/plastic/plastic_val_053.png,0,0,0.3595212996006012,plastic,plastic
common/images/val/plastic/plastic_val_054.png,0,0,0.35072076320648193,plastic,plastic
common/images/val/plastic/plastic_val_055.png,0,0,0.35896793007850647,plastic,plastic
common/images/val/plastic/plastic_val_056.png,0,0,0.35119277238845825,plastic,plastic
common/images/val/plastic/plastic_val_057.png,0,0,0.34517917037010193,plastic,plastic
common/images/val/plastic/plastic_val_058.png,0,0,0.3634088635444641,plastic,plastic
common/images/val/plastic/plastic_val_059.png,0,0,0.3702757656574249,plastic,plastic
common/images/val/plastic/plastic_val_060.png,0,0,0.37972667813301086,plastic,plastic
common/images/val/plastic/plastic_val_061.png,0,0,0.37946534156799316,plastic,plastic
common/images/val/plastic/plastic_val_062.png,0,0,0.3911980986595154,plastic,plastic
common/images/val/plastic/plastic_val_063.png,0,0,0.3732646405696869,plastic,plastic
common/images/val/plastic/plastic_val_064.png,0,1,0.33359968662261963,plastic,paper
common/images/val/plastic/plastic_val_065.png,0,0,0.3538557291030884,plastic,plastic
common/images/val/plastic/plastic_val_066.png,0,0,0.34987515211105347,plastic,plastic
common/images/val/plastic/plastic_val_067.png,0,0,0.39185047149658203,plastic,plastic
common/images/val/plastic/plastic_val_068.png,0,1,0.3342371881008148,plastic,paper
common/images/val/plastic/plastic_val_069.png,0,0,0.3671823740005493,plastic,plastic
common/images/val/plastic/plastic_val_070.png,0,0,0.36419227719306946,plastic,plastic
common/images/val/plastic/plastic_val_071.png,0,0,0.36885297298431396,plastic,plastic
common/images/val/plastic/plastic_val_072.png,0,0,0.3651818335056305,plastic,plastic
common/images/val/plastic/plastic_val_073.png,0,0,0.387780100107193,plastic,plastic
common/images/val/plastic/plastic_val_074.png,0,0,0.3408387005329132,plastic,plastic
common/images/val/plastic/plastic_val_075.png,0,0,0.35060781240463257,plastic,plastic
common/images/val/plastic/plastic_val_076.png,0,0,0.3471275269985199,plastic,plastic
common/images/val/plastic/plastic_val_077.png,0,0,0.36180931329727173,plastic,plastic
common/images/val/plastic/plastic_val_078.png,0,0,0.3650408685207367,plastic,plastic
common/images/val/plastic/plastic_val_079.png,0,0,0.36158984899520874,plastic,plastic
common/images/val/plastic/plastic_val_080.png,0,0,0.358111709356308,plastic,plastic
common/images/val/plastic/plastic_val_081.png,0,0,0.35042157769203186,plastic,plastic
common/images/val/plastic/plastic_val_082.png,0,0,0.36146119236946106,plastic,plastic
common/images/val/plastic/plastic_val_083.png,0,0,0.3585900366306305,plastic,plastic
common/images/val/plastic/plastic_val_084.png,0,0,0.36110466718673706,plastic,plastic
common/images/val/plastic/plastic_val_085.png,0,0,0.40079033374786377,plastic,plastic
common/images/val/plastic/plastic_val_086.png,0,0,0.3457365334033966,plastic,plastic
common/images/val/plastic/plastic_val_087.png,0,0,0.35180285573005676,plastic,plastic
common/images/val/plastic/plastic_val_088.png,0,0,0.3478074073791504,plastic,plastic
common/images/val/plastic/plastic_val_089.png,0,0,0.35943731665611267,plastic,plastic
common/images/val/paper/paper_val_000.png,1,0,0.3578632175922394,paper,plastic
common/images/val/paper/paper_val_001.png,1,1,0.3427434265613556,paper,paper
common/images/val/paper/paper_val_002.png,1,1,0.3351496756076813,paper,paper
common/images/val/paper/paper_val_003.png,1,1,0.3449082672595978,paper,paper
common/images/val/paper/paper_val_004.png,1,1,0.3389793336391449,paper,paper
common/images/val/paper/paper_val_005.png,1,0,0.35982081294059753,paper,plastic
common/images/val/paper/paper_val_006.png,1,0,0.36662015318870544,paper,plastic
common/images/val/paper/paper_val_007.png,1,0,0.3400302529335022,paper,plastic
common/images/val/paper/paper_val_008.png,1,0,0.3505474925041199,paper,plastic
common/images/val/paper/paper_val_009.png,1,0,0.35601335763931274,paper,plastic
common/images/val/paper/paper_val_010.png,1,2,0.3357544243335724,paper,metal
common/images/val/paper/paper_val_011.png,1,1,0.35340702533721924,paper,paper
common/images/val/paper/paper_val_012.png,1,0,0.36273083090782166,paper,plastic
common/images/val/paper/paper_val_013.png,1,0,0.35610461235046387,paper,plastic
common/images/val/paper/paper_val_014.png,1,1,0.3478034734725952,paper,paper
common/images/val/paper/paper_val_015.png,1,1,0.3444790840148926,paper,paper
common/images/val/paper/paper_val_016.png,1,2,0.33484402298927307,paper,metal
common/images/val/paper/paper_val_017.png,1,1,0.3424719572067261,paper,paper
common/images/val/paper/paper_val_018.png,1,0,0.3621525764465332,paper,plastic
common/images/val/paper/paper_val_019.png,1,0,0.3426322937011719,paper,plastic
common/images/val/paper/paper_val_020.png,1,1,0.3390239477157593,paper,paper
common/images/val/paper/paper_val_021.png,1,1,0.3385408818721771,paper,paper
common/images/val/paper/paper_val_022.png,1,1,0.33907580375671387,paper,paper
common/images/val/paper/paper_val_023.png,1,1,0.35028937458992004,paper,paper
common/images/val/paper/paper_val_024.png,1,0,0.3480852246284485,paper,plastic
common/images/val/paper/paper_val_025.png,1,0,0.3492688536643982,paper,plastic
common/images/val/paper/paper_val_026.png,1,2,0.3350095748901367,paper,metal
common/images/val/paper/paper_val_027.png,1,1,0.34911656379699707,paper,paper
common/images/val/paper/paper_val_028.png,1,1,0.3378549814224243,paper,paper
common/images/val/paper/paper_val_029.png,1,1,0.34881967306137085,paper,paper
common/images/val/paper/paper_val_030.png,1,0,0.3482205271720886,paper,plastic
common/images/val/paper/paper_val_031.png,1,2,0.34070926904678345,paper,metal
common/images/val/paper/paper_val_032.png,1,1,0.3453572988510132,paper,paper
common/images/val/paper/paper_val_033.png,1,0,0.34485378861427307,paper,plastic
common/images/val/paper/paper_val_034.png,1,0,0.33808624744415283,paper,plastic
common/images/val/paper/paper_val_035.png,1,1,0.347175657749176,paper,paper
common/images/val/paper/paper_val_036.png,1,0,0.34539148211479187,paper,plastic
common/images/val/paper/paper_val_037.png,1,1,0.33598411083221436,paper,paper
common/images/val/paper/paper_val_038.png,1,1,0.34675976634025574,paper,paper
common/images/val/paper/paper_val_039.png,1,0,0.36061030626296997,paper,plastic
common/images/val/paper/paper_val_040.png,1,1,0.33684825897216797,paper,paper
common/images/val/paper/paper_val_041.png,1,1,0.35142701864242554,paper,paper
common/images/val/paper/paper_val_042.png,1,1,0.33690011501312256,paper,paper
common/images/val/paper/paper_val_043.png,1,1,0.3452046811580658,paper,paper
common/images/val/paper/paper_val_044.png,1,1,0.3474126160144806,paper,paper
common/images/val/paper/paper_val_045.png,1,1,0.3433550000190735,paper,paper
common/images/val/paper/paper_val_046.png,1,1,0.339746356010437,paper,paper
common/images/val/paper/paper_val_047.png,1,0,0.3474912643432617,paper,plastic
common/images/val/paper/paper_val_048.png,1,1,0.3519306778907776,paper,paper
common/images/val/paper/paper_val_049.png,1,1,0.34667590260505676,paper,paper
common/images/val/paper/paper_val_050.png,1,1,0.3382359445095062,paper,paper
common/images/val/paper/paper_val_051.png,1,1,0.338392972946167,paper,paper
common/images/val/paper/paper_val_052.png,1,0,0.33806607127189636,paper,plastic
common/images/val/paper/paper_val_053.png,1,1,0.344271719455719,paper,paper
common/images/val/paper/paper_val_054.png,1,1,0.3428041636943817,paper,paper
common/images/val/paper/paper_val_055.png,1,1,0.35025736689567566,paper,paper
common/images/val/paper/paper_val_056.png,1,0,0.3522127568721771,paper,plastic
common/images/val/paper/paper_val_057.png,1,1,0.34802281856536865,paper,paper
common/images/val/paper/paper_val_058.png,1,1,0.3345331847667694,paper,paper
common/images/val/paper/paper_val_059.png,1,0,0.3654288053512573,paper,plastic
common/images/val/paper/paper_val_060.png,1,0,0.34358373284339905,paper,plastic
common/images/val/paper/paper_val_061.png,1,1,0.3402527868747711,paper,paper
common/images/val/paper/paper_val_062.png,1,1,0.33724069595336914,paper,paper
common/images/val/paper/paper_val_063.png,1,1,0.36457359790802,paper,paper
common/images/val/paper/paper_val_064.png,1,0,0.34313300251960754,paper,plastic
common/images/val/paper/paper_val_065.png,1,0,0.34408700466156006,paper,plastic
common/images/val/paper/paper_val_066.png,1,1,0.35169273614883423,paper,paper
common/images/val/paper/paper_val_067.png,1,1,0.3467244803905487,paper,paper
common/images/val/paper/paper_val_068.png,1,1,0.3435673713684082,paper,paper
common/images/val/paper/paper_val_069.png,1,0,0.3561917841434479,paper,plastic
common/images/val/paper/paper_val_070.png,1,1,0.359112411737442,paper,paper
common/images/val/paper/paper_val_071.png,1,1,0.3489115834236145,paper,paper
common/images/val/paper/paper_val_072.png,1,0,0.3365620970726013,paper,plastic
common/images/val/paper/paper_val_073.png,1,0,0.3434089720249176,paper,plastic
common/images/val/paper/paper_val_074.png,1,2,0.3347209095954895,paper,metal
common/images/val/paper/paper_val_075.png,1,1,0.34592700004577637,paper,paper
common/images/val/paper/paper_val_076.png,1,1,0.35322684049606323,paper,paper
common/images/val/paper/paper_val_077.png,1,0,0.3487452268600464,paper,plastic
common/images/val/paper/paper_val_078.png,1,0,0.35196971893310547,paper,plastic
common/images/val/paper/paper_val_079.png,1,1,0.34488216042518616,paper,paper
common/images/val/paper/paper_val_080.png,1,0,0.3584131896495819,paper,plastic
common/images/val/paper/paper_val_081.png,1,1,0.33701959252357483,paper,paper
common/images/val/paper/paper_val_082.png,1,0,0.35505208373069763,paper,plastic
common/images/val/paper/paper_val_083.png,1,0,0.3477282226085663,paper,plastic
common/images/val/paper/paper_val_084.png,1,1,0.3469180762767792,paper,paper
common/images/val/paper/paper_val_085.png,1,0,0.3507668375968933,paper,plastic
common/images/val/paper/paper_val_086.png,1,1,0.3485262989997864,paper,paper
common/images/val/paper/paper_val_087.png,1,0,0.3372378349304199,paper,plastic
common/images/val/paper/paper_val_088.png,1,1,0.33586278557777405,paper,paper
common/images/val/paper/paper_val_089.png,1,0,0.34363386034965515,paper,plastic
common/images/val/metal/metal_val_000.png,2,0,0.3410030007362366,metal,plastic
common/images/val/metal/metal_val_001.png,2,0,0.35661911964416504,metal,plastic
common/images/val/metal/metal_val_002.png,2,0,0.3401571810245514,metal,plastic
common/images/val/metal/metal_val_003.png,2,0,0.3427903950214386,metal,plastic
common/images/val/metal/metal_val_004.png,2,0,0.37486541271209717,metal,plastic
common/images/val/metal/metal_val_005.png,2,1,0.3346080482006073,metal,paper
common/images/val/metal/metal_val_006.png,2,0,0.36064645648002625,metal,plastic
common/images/val/metal/metal_val_007.png,2,0,0.38108259439468384,metal,plastic
common/images/val/metal/metal_val_008.png,2,0,0.3398003578186035,metal,plastic
common/images/val/metal/metal_val_009.png,2,0,0.3553250730037689,metal,plastic
common/images/val/metal/metal_val_010.png,2,1,0.3407990336418152,metal,paper
common/images/val/metal/metal_val_011.png,2,1,0.33384034037590027,metal,paper
common/images/val/metal/metal_val_012.png,2,0,0.34166619181632996,metal,plastic
common/images/val/metal/metal_val_013.png,2,0,0.3368752896785736,metal,plastic
common/images/val/metal/metal_val_014.png,2,1,0.3428802490234375,metal,paper
common/images/val/metal/metal_val_015.png,2,1,0.33755776286125183,metal,paper
common/images/val/metal/metal_val_016.png,2,0,0.38147133588790894,metal,plastic
common/images/val/metal/metal_val_017.png,2,0,0.33702024817466736,metal,plastic
common/images/val/metal/metal_val_018.png,2,0,0.35811513662338257,metal,plastic
common/images/val/metal/metal_val_019.png,2,0,0.379066526889801,metal,plastic
common/images/val/metal/metal_val_020.png,2,1,0.34504809975624084,metal,paper
common/images/val/metal/metal_val_021.png,2,0,0.3532613515853882,metal,plastic
common/images/val/metal/metal_val_022.png,2,0,0.3525269329547882,metal,plastic
common/images/val/metal/metal_val_023.png,2,0,0.3367284834384918,metal,plastic
common/images/val/metal/metal_val_024.png,2,0,0.3768497109413147,metal,plastic
common/images/val/metal/metal_val_025.png,2,0,0.35201171040534973,metal,plastic
common/images/val/metal/metal_val_026.png,2,0,0.3612687587738037,metal,plastic
common/images/val/metal/metal_val_027.png,2,0,0.37192100286483765,metal,plastic
common/images/val/metal/metal_val_028.png,2,0,0.34437012672424316,metal,plastic
common/images/val/metal/metal_val_029.png,2,0,0.35573476552963257,metal,plastic
common/images/val/metal/metal_val_030.png,2,0,0.34213972091674805,metal,plastic
common/images/val/metal/metal_val_031.png,2,0,0.3839862048625946,metal,plastic
common/images/val/metal/metal_val_032.png,2,1,0.3446682095527649,metal,paper
common/images/val/metal/metal_val_033.png,2,0,0.33434537053108215,metal,plastic
common/images/val/metal/metal_val_034.png,2,1,0.33372971415519714,metal,paper
common/images/val/metal/metal_val_035.png,2,1,0.33455705642700195,metal,paper
common/images/val/metal/metal_val_036.png,2,0,0.3426741063594818,metal,plastic
common/images/val/metal/metal_val_037.png,2,0,0.3532641530036926,metal,plastic
common/images/val/metal/metal_val_038.png,2,0,0.33762627840042114,metal,plastic
common/images/val/metal/metal_val_039.png,2,1,0.3370705544948578,metal,paper
common/images/val/metal/metal_val_040.png,2,1,0.3388570249080658,metal,paper
common/images/val/metal/metal_val_041.png,2,0,0.35929062962532043,metal,plastic
common/images/val/metal/metal_val_042.png,2,0,0.36235612630844116,metal,plastic
common/images/val/metal/metal_val_043.png,2,1,0.34402379393577576,metal,paper
common/images/val/metal/metal_val_044.png,2,0,0.35529980063438416,metal,plastic
common/images/val/metal/metal_val_045.png,2,2,0.3367462158203125,metal,metal
common/images/val/metal/metal_val_046.png,2,0,0.33370593190193176,metal,plastic
common/images/val/metal/metal_val_047.png,2,0,0.33818405866622925,metal,plastic
common/images/val/metal/metal_val_048.png,2,0,0.3343779742717743,metal,plastic
common/images/val/metal/metal_val_049.png,2,0,0.3364415168762207,metal,plastic
common/images/val/metal/metal_val_050.png,2,1,0.347622811794281,metal,paper
common/images/val/metal/metal_val_051.png,2,1,0.33440956473350525,metal,paper
common/images/val/metal/metal_val_052.png,2,0,0.3375743627548218,metal,plastic
common/images/val/metal/metal_val_053.png,2,1,0.33390843868255615,metal,paper
common/images/val/metal/metal_val_054.png,2,0,0.334219753742218,metal,plastic
common/images/val/metal/metal_val_055.png,2,1,0.3446938395500183,metal,paper
common/images/val/metal/metal_val_056.png,2,0,0.34238994121551514,metal,plastic
common/images/val/metal/metal_val_057.png,2,0,0.335462749004364,metal,plastic
common/images/val/metal/metal_val_058.png,2,0,0.3424516022205353,metal,plastic
common/images/val/metal/metal_val_059.png,2,2,0.33472225069999695,metal,metal
common/images/val/metal/metal_val_060.png,2,0,0.34857648611068726,metal,plastic
common/images/val/metal/metal_val_061.png,2,0,0.3805849254131317,metal,plastic
common/images/val/metal/metal_val_062.png,2,0,0.3371330797672272,metal,plastic
common/images/val/metal/metal_val_063.png,2,0,0.3439316749572754,metal,plastic
common/images/val/metal/metal_val_064.png,2,1,0.33688730001449585,metal,paper
common/images/val/metal/metal_val_065.png,2,0,0.35264939069747925,metal,plastic
common/images/val/metal/metal_val_066.png,2,0,0.3484925925731659,metal,plastic
common/images/val/metal/metal_val_067.png,2,0,0.3465173840522766,metal,plastic
common/images/val/metal/metal_val_068.png,2,0,0.3526293635368347,metal,plastic
common/images/val/metal/metal_val_069.png,2,0,0.3565669357776642,metal,plastic
common/images/val/metal/metal_val_070.png,2,0,0.3351791203022003,metal,plastic
common/images/val/metal/metal_val_071.png,2,0,0.35441604256629944,metal,plastic
common/images/val/metal/metal_val_072.png,2,0,0.3569974899291992,metal,plastic
common/images/val/metal/metal_val_073.png,2,2,0.3359072208404541,metal,metal
common/images/val/metal/metal_val_074.png,2,1,0.33618491888046265,metal,paper
common/images/val/metal/metal_val_075.png,2,2,0.334961473941803,metal,metal
common/images/val/metal/metal_val_076.png,2,0,0.3551176190376282,metal,plastic
common/images/val/metal/metal_val_077.png,2,1,0.33499541878700256,metal,paper
common/images/val/metal/metal_val_078.png,2,1,0.33375027775764465,metal,paper
common/images/val/metal/metal_val_079.png,2,0,0.3372718095779419,metal,plastic
common/images/val/metal/metal_val_080.png,2,0,0.33640581369400024,metal,plastic
common/images/val/metal/metal_val_081.png,2,0,0.33821138739585876,metal,plastic
common/images/val/metal/metal_val_082.png,2,0,0.3529210388660431,metal,plastic
common/images/val/metal/metal_val_083.png,2,0,0.3376199007034302,metal,plastic
common/images/val/metal/metal_val_084.png,2,0,0.33589068055152893,metal,plastic
common/images/val/metal/metal_val_085.png,2,0,0.333597868680954,metal,plastic
common/images/val/metal/metal_val_086.png,2,0,0.3445337414741516,metal,plastic
common/images/val/metal/metal_val_087.png,2,0,0.3343667984008789,metal,plastic
common/images/val/metal/metal_val_088.png,2,0,0.3354829251766205,metal,plastic
common/images/val/metal/metal_val_089.png,2,0,0.35779261589050293,metal,plastic
