path,label,class_name,subtype
common/images/train/plastic/plastic_train_000.png,0,plastic,bottle
common/images/train/plastic/plastic_train_001.png,0,plastic,cup
common/images/train/plastic/plastic_train_002.png,0,plastic,bottle
common/images/train/plastic/plastic_train_003.png,0,plastic,cup
common/images/train/plastic/plastic_train_004.png,0,plastic,bottle
common/images/train/plastic/plastic_train_005.png,0,plastic,cup
common/images/train/plastic/plastic_train_006.png,0,plastic,bottle
common/images/train/plastic/plastic_train_007.png,0,plastic,cup
common/images/train/plastic/plastic_train_008.png,0,plastic,bottle
common/images/train/plastic/plastic_train_009.png,0,plastic,cup
common/images/train/plastic/plastic_train_010.png,0,plastic,bottle
common/images/train/plastic/plastic_train_011.png,0,plastic,cup
common/images/train/plastic/plastic_train_012.png,0,plastic,bottle
common/images/train/plastic/plastic_train_013.png,0,plastic,cup
common/images/train/plastic/plastic_train_014.png,0,plastic,bottle
common/images/train/plastic/plastic_train_015.png,0,plastic,cup
common/images/train/plastic/plastic_train_016.png,0,plastic,bottle
common/images/train/plastic/plastic_train_017.png,0,plastic,bottle
common/images/train/plastic/plastic_train_018.png,0,plastic,bottle
common/images/train/plastic/plastic_train_019.png,0,plastic,cup
common/images/train/plastic/plastic_train_020.png,0,plastic,bottle
common/images/train/plastic/plastic_train_021.png,0,plastic,cup
common/images/train/plastic/plastic_train_022.png,0,plastic,bottle
common/images/train/plastic/plastic_train_023.png,0,plastic,cup
common/images/train/plastic/plastic_train_024.png,0,plastic,bottle
common/images/train/plastic/plastic_train_025.png,0,plastic,cup
common/images/train/plastic/plastic_train_026.png,0,plastic,bottle
common/images/train/plastic/plastic_train_027.png,0,plastic,cup
common/images/train/plastic/plastic_train_028.png,0,plastic,bottle
common/images/train/plastic/plastic_train_029.png,0,plastic,cup
common/images/train/plastic/plastic_train_030.png,0,plastic,bottle
common/images/train/plastic/plastic_train_031.png,0,plastic,cup
common/images/train/plastic/plastic_train_032.png,0,plastic,bottle
common/images/train/plastic/plastic_train_033.png,0,plastic,bottle
common/images/train/plastic/plastic_train_034.png,0,plastic,bottle
common/images/train/plastic/plastic_train_035.png,0,plastic,cup
common/images/train/plastic/plastic_train_036.png,0,plastic,bottle
common/images/train/plastic/plastic_train_037.png,0,plastic,bottle
common/images/train/plastic/plastic_train_038.png,0,plastic,bottle
common/images/train/plastic/plastic_train_039.png,0,plastic,cup
common/images/train/plastic/plastic_train_040.png,0,plastic,bottle
common/images/train/plastic/plastic_train_041.png,0,plastic,cup
common/images/train/plastic/plastic_train_042.png,0,plastic,cup
common/images/train/plastic/plastic_train_043.png,0,plastic,cup
common/images/train/plastic/plastic_train_044.png,0,plastic,bottle
common/images/train/plastic/plastic_train_045.png,0,plastic,bottle
common/images/train/plastic/plastic_train_046.png,0,plastic,bottle
common/images/train/plastic/plastic_train_047.png,0,plastic,cup
common/images/train/plastic/plastic_train_048.png,0,plastic,bottle
common/images/train/plastic/plastic_train_049.png,0,plastic,cup
common/images/train/plastic/plastic_train_050.png,0,plastic,cup
common/images/train/plastic/plastic_train_051.png,0,plastic,cup
common/images/train/plastic/plastic_train_052.png,0,plastic,bottle
common/images/train/plastic/plastic_train_053.png,0,plastic,cup
common/images/train/plastic/plastic_train_054.png,0,plastic,bottle
common/images/train/plastic/plastic_train_055.png,0,plastic,cup
common/images/train/plastic/plastic_train_056.png,0,plastic,cup
common/images/train/plastic/plastic_train_057.png,0,plastic,bottle
common/images/train/plastic/plastic_train_058.png,0,plastic,bottle
common/images/train/plastic/plastic_train_059.png,0,plastic,cup
common/images/train/plastic/plastic_train_060.png,0,plastic,bottle
common/images/train/plastic/plastic_train_061.png,0,plastic,cup
common/images/train/plastic/plastic_train_062.png,0,plastic,bottle
common/images/train/plastic/plastic_train_063.png,0,plastic,cup
common/images/train/plastic/plastic_train_064.png,0,plastic,bottle
common/images/train/plastic/plastic_train_065.png,0,plastic,cup
common/images/train/plastic/plastic_train_066.png,0,plastic,bottle
common/images/train/plastic/plastic_train_067.png,0,plastic,cup
common/images/train/plastic/plastic_train_068.png,0,plastic,bottle
common/images/train/plastic/plastic_train_069.png,0,plastic,cup
common/images/train/plastic/plastic_train_070.png,0,plastic,bottle
common/images/train/plastic/plastic_train_071.png,0,plastic,cup
common/images/train/plastic/plastic_train_072.png,0,plastic,bottle
common/images/train/plastic/plastic_train_073.png,0,plastic,cup
common/images/train/plastic/plastic_train_074.png,0,plastic,cup
common/images/train/plastic/plastic_train_075.png,0,plastic,cup
common/images/train/plastic/plastic_train_076.png,0,plastic,cup
common/images/train/plastic/plastic_train_077.png,0,plastic,cup
common/images/train/plastic/plastic_train_078.png,0,plastic,bottle
common/images/train/plastic/plastic_train_079.png,0,plastic,cup
common/images/train/plastic/plastic_train_080.png,0,plastic,bottle
common/images/train/plastic/plastic_train_081.png,0,plastic,cup
common/images/train/plastic/plastic_train_082.png,0,plastic,bottle
common/images/train/plastic/plastic_train_083.png,0,plastic,cup
common/images/train/plastic/plastic_train_084.png,0,plastic,bottle
common/images/train/plastic/plastic_train_085.png,0,plastic,cup
common/images/train/plastic/plastic_train_086.png,0,plastic,bottle
common/images/train/plastic/plastic_train_087.png,0,plastic,cup
common/images/train/plastic/plastic_train_088.png,0,plastic,bottle
common/images/train/plastic/plastic_train_089.png,0,plastic,cup
common/images/train/plastic/plastic_train_090.png,0,plastic,bottle
common/images/train/plastic/plastic_train_091.png,0,plastic,cup
common/images/train/plastic/plastic_train_092.png,0,plastic,bottle
common/images/train/plastic/plastic_train_093.png,0,plastic,cup
common/images/train/plastic/plastic_train_094.png,0,plastic,bottle
common/images/train/plastic/plastic_train_095.png,0,plastic,cup
common/images/train/plastic/plastic_train_096.png,0,plastic,bottle
common/images/train/plastic/plastic_train_097.png,0,plastic,cup
common/images/train/plastic/plastic_train_098.png,0,plastic,bottle
common/images/train/plastic/plastic_train_099.png,0,plastic,bottle
common/images/train/plastic/plastic_train_100.png,0,plastic,bottle
common/images/train/plastic/plastic_train_101.png,0,plastic,cup
common/images/train/plastic/plastic_train_102.png,0,plastic,bottle
common/images/train/plastic/plastic_train_103.png,0,plastic,cup
common/images/train/plastic/plastic_train_104.png,0,plastic,bottle
common/images/train/plastic/plastic_train_105.png,0,plastic,cup
common/images/train/plastic/plastic_train_106.png,0,plastic,cup
common/images/train/plastic/plastic_train_107.png,0,plastic,cup
common/images/train/plastic/plastic_train_108.png,0,plastic,bottle
common/images/train/plastic/plastic_train_109.png,0,plastic,cup
common/images/train/plastic/plastic_train_110.png,0,plastic,bottle
common/images/train/plastic/plastic_train_111.png,0,plastic,cup
common/images/train/plastic/plastic_train_112.png,0,plastic,bottle
common/images/train/plastic/plastic_train_113.png,0,plastic,cup
common/images/train/plastic/plastic_train_114.png,0,plastic,bottle
common/images/train/plastic/plastic_train_115.png,0,plastic,cup
common/images/train/plastic/plastic_train_116.png,0,plastic,cup
common/images/train/plastic/plastic_train_117.png,0,plastic,cup
common/images/train/plastic/plastic_train_118.png,0,plastic,bottle
common/images/train/plastic/plastic_train_119.png,0,plastic,cup
common/images/train/plastic/plastic_train_120.png,0,plastic,bottle
common/images/train/plastic/plastic_train_121.png,0,plastic,bottle
common/images/train/plastic/plastic_train_122.png,0,plastic,bottle
common/images/train/plastic/plastic_train_123.png,0,plastic,bottle
common/images/train/plastic/plastic_train_124.png,0,plastic,bottle
common/images/train/plastic/plastic_train_125.png,0,plastic,cup
common/images/train/plastic/plastic_train_126.png,0,plastic,bottle
common/images/train/plastic/plastic_train_127.png,0,plastic,cup
common/images/train/plastic/plastic_train_128.png,0,plastic,bottle
common/images/train/plastic/plastic_train_129.png,0,plastic,bottle
common/images/train/plastic/plastic_train_130.png,0,plastic,bottle
common/images/train/plastic/plastic_train_131.png,0,plastic,bottle
common/images/train/plastic/plastic_train_132.png,0,plastic,cup
common/images/train/plastic/plastic_train_133.png,0,plastic,bottle
common/images/train/plastic/plastic_train_134.png,0,plastic,bottle
common/images/train/plastic/plastic_train_135.png,0,plastic,cup
common/images/train/plastic/plastic_train_136.png,0,plastic,bottle
common/images/train/plastic/plastic_train_137.png,0,plastic,cup
common/images/train/plastic/plastic_train_138.png,0,plastic,bottle
common/images/train/plastic/plastic_train_139.png,0,plastic,cup
common/images/train/plastic/plastic_train_140.png,0,plastic,bottle
common/images/train/plastic/plastic_train_141.png,0,plastic,bottle
common/images/train/plastic/plastic_train_142.png,0,plastic,cup
common/images/train/plastic/plastic_train_143.png,0,plastic,cup
common/images/train/plastic/plastic_train_144.png,0,plastic,bottle
common/images/train/plastic/plastic_train_145.png,0,plastic,cup
common/images/train/plastic/plastic_train_146.png,0,plastic,bottle
common/images/train/plastic/plastic_train_147.png,0,plastic,cup
common/images/train/plastic/plastic_train_148.png,0,plastic,bottle
common/images/train/plastic/plastic_train_149.png,0,plastic,cup
common/images/train/plastic/plastic_train_150.png,0,plastic,bottle
common/images/train/plastic/plastic_train_151.png,0,plastic,bottle
common/images/train/plastic/plastic_train_152.png,0,plastic,bottle
common/images/train/plastic/plastic_train_153.png,0,plastic,cup
common/images/train/plastic/plastic_train_154.png,0,plastic,bottle
common/images/train/plastic/plastic_train_155.png,0,plastic,bottle
common/images/train/plastic/plastic_train_156.png,0,plastic,bottle
common/images/train/plastic/plastic_train_157.png,0,plastic,cup
common/images/train/plastic/plastic_train_158.png,0,plastic,bottle
common/images/train/plastic/plastic_train_159.png,0,plastic,cup
common/images/train/plastic/plastic_train_160.png,0,plastic,bottle
common/images/train/plastic/plastic_train_161.png,0,plastic,cup
common/images/train/plastic/plastic_train_162.png,0,plastic,bottle
common/images/train/plastic/plastic_train_163.png,0,plastic,cup
common/images/train/plastic/plastic_train_164.png,0,plastic,bottle
common/images/train/plastic/plastic_train_165.png,0,plastic,cup
common/images/train/plastic/plastic_train_166.png,0,plastic,bottle
common/images/train/plastic/plastic_train_167.png,0,plastic,cup
common/images/train/plastic/plastic_train_168.png,0,plastic,bottle
common/images/train/plastic/plastic_train_169.png,0,plastic,cup
common/images/train/plastic/plastic_train_170.png,0,plastic,bottle
common/images/train/plastic/plastic_train_171.png,0,plastic,cup
common/images/train/plastic/plastic_train_172.png,0,plastic,bottle
common/images/train/plastic/plastic_train_173.png,0,plastic,cup
common/images/train/plastic/plastic_train_174.png,0,plastic,bottle
common/images/train/plastic/plastic_train_175.png,0,plastic,cup
common/images/train/plastic/plastic_train_176.png,0,plastic,bottle
common/images/train/plastic/plastic_train_177.png,0,plastic,cup
common/images/train/plastic/plastic_train_178.png,0,plastic,bottle
common/images/train/plastic/plastic_train_179.png,0,plastic,bottle
common/images/train/paper/paper_train_000.png,1,paper,sheet
common/images/train/paper/paper_train_001.png,1,paper,sheet
common/images/train/paper/paper_train_002.png,1,paper,sheet
common/images/train/paper/paper_train_003.png,1,paper,carton
common/images/train/paper/paper_train_004.png,1,paper,sheet
common/images/train/paper/paper_train_005.png,1,paper,carton
common/images/train/paper/paper_train_006.png,1,paper,sheet
common/images/train/paper/paper_train_007.png,1,paper,sheet
common/images/train/paper/paper_train_008.png,1,paper,sheet
common/images/train/paper/paper_train_009.png,1,paper,carton
common/images/train/paper/paper_train_010.png,1,paper,sheet
common/images/train/paper/paper_train_011.png,1,paper,sheet
common/images/train/paper/paper_train_012.png,1,paper,carton
common/images/train/paper/paper_train_013.png,1,paper,carton
common/images/train/paper/paper_train_014.png,1,paper,sheet
common/images/train/paper/paper_train_015.png,1,paper,carton
common/images/train/paper/paper_train_016.png,1,paper,sheet
common/images/train/paper/paper_train_017.png,1,paper,carton
common/images/train/paper/paper_train_018.png,1,paper,sheet
common/images/train/paper/paper_train_019.png,1,paper,carton
common/images/train/paper/paper_train_020.png,1,paper,sheet
common/images/train/paper/paper_train_021.png,1,paper,carton
common/images/train/paper/paper_train_022.png,1,paper,sheet
common/images/train/paper/paper_train_023.png,1,paper,carton
common/images/train/paper/paper_train_024.png,1,paper,carton
common/images/train/paper/paper_train_025.png,1,paper,carton
common/images/train/paper/paper_train_026.png,1,paper,sheet
common/images/train/paper/paper_train_027.png,1,paper,carton
common/images/train/paper/paper_train_028.png,1,paper,sheet
common/images/train/paper/paper_train_029.png,1,paper,carton
common/images/train/paper/paper_train_030.png,1,paper,sheet
common/images/train/paper/paper_train_031.png,1,paper,carton
common/images/train/paper/paper_train_032.png,1,paper,sheet
common/images/train/paper/paper_train_033.png,1,paper,carton
common/images/train/paper/paper_train_034.png,1,paper,sheet
common/images/train/paper/paper_train_035.png,1,paper,carton
common/images/train/paper/paper_train_036.png,1,paper,sheet
common/images/train/paper/paper_train_037.png,1,paper,carton
common/images/train/paper/paper_train_038.png,1,paper,sheet
common/images/train/paper/paper_train_039.png,1,paper,carton
common/images/train/paper/paper_train_040.png,1,paper,sheet
common/images/train/paper/paper_train_041.png,1,paper,sheet
common/images/train/paper/paper_train_042.png,1,paper,sheet
common/images/train/paper/paper_train_043.png,1,paper,carton
common/images/train/paper/paper_train_044.png,1,paper,sheet
common/images/train/paper/paper_train_045.png,1,paper,carton
common/images/train/paper/paper_train_046.png,1,paper,sheet
common/images/train/paper/paper_train_047.png,1,paper,carton
common/images/train/paper/paper_train_048.png,1,paper,sheet
common/images/train/paper/paper_train_049.png,1,paper,carton
common/images/train/paper/paper_train_050.png,1,paper,sheet
common/images/train/paper/paper_train_051.png,1,paper,carton
common/images/train/paper/paper_train_052.png,1,paper,sheet
common/images/train/paper/paper_train_053.png,1,paper,carton
common/images/train/paper/paper_train_054.png,1,paper,sheet
common/images/train/paper/paper_train_055.png,1,paper,carton
common/images/train/paper/paper_train_056.png,1,paper,sheet
common/images/train/paper/paper_train_057.png,1,paper,carton
common/images/train/paper/paper_train_058.png,1,paper,sheet
common/images/train/paper/paper_train_059.png,1,paper,sheet
common/images/train/paper/paper_train_060.png,1,paper,sheet
common/images/train/paper/paper_train_061.png,1,paper,sheet
common/images/train/paper/paper_train_062.png,1,paper,sheet
common/images/train/paper/paper_train_063.png,1,paper,sheet
common/images/train/paper/paper_train_064.png,1,paper,sheet
common/images/train/paper/paper_train_065.png,1,paper,carton
common/images/train/paper/paper_train_066.png,1,paper,sheet
common/images/train/paper/paper_train_067.png,1,paper,carton
common/images/train/paper/paper_train_068.png,1,paper,sheet
common/images/train/paper/paper_train_069.png,1,paper,carton
common/images/train/paper/paper_train_070.png,1,paper,sheet
common/images/train/paper/paper_train_071.png,1,paper,sheet
common/images/train/paper/paper_train_072.png,1,paper,carton
common/images/train/paper/paper_train_073.png,1,paper,carton
common/images/train/paper/paper_train_074.png,1,paper,carton
common/images/train/paper/paper_train_075.png,1,paper,carton
common/images/train/paper/paper_train_076.png,1,paper,sheet
common/images/train/paper/paper_train_077.png,1,paper,sheet
common/images/train/paper/paper_train_078.png,1,paper,sheet
common/images/train/paper/paper_train_079.png,1,paper,carton
common/images/train/paper/paper_train_080.png,1,paper,sheet
common/images/train/paper/paper_train_081.png,1,paper,carton
common/images/train/paper/paper_train_082.png,1,paper,sheet
common/images/train/paper/paper_train_083.png,1,paper,carton
common/images/train/paper/paper_train_084.png,1,paper,sheet
common/images/train/paper/paper_train_085.png,1,paper,carton
common/images/train/paper/paper_train_086.png,1,paper,carton
common/images/train/paper/paper_train_087.png,1,paper,carton
common/images/train/paper/paper_train_088.png,1,paper,sheet
common/images/train/paper/paper_train_089.png,1,paper,sheet
common/images/train/paper/paper_train_090.png,1,paper,sheet
common/images/train/paper/paper_train_091.png,1,paper,carton
common/images/train/paper/paper_train_092.png,1,paper,sheet
common/images/train/paper/paper_train_093.png,1,paper,carton
common/images/train/paper/paper_train_094.png,1,paper,sheet
common/images/train/paper/paper_train_095.png,1,paper,carton
common/images/train/paper/paper_train_096.png,1,paper,sheet
common/images/train/paper/paper_train_097.png,1,paper,carton
common/images/train/paper/paper_train_098.png,1,paper,sheet
common/images/train/paper/paper_train_099.png,1,paper,carton
common/images/train/paper/paper_train_100.png,1,paper,sheet
common/images/train/paper/paper_train_101.png,1,paper,carton
common/images/train/paper/paper_train_102.png,1,paper,sheet
common/images/train/paper/paper_train_103.png,1,paper,carton
common/images/train/paper/paper_train_104.png,1,paper,sheet
common/images/train/paper/paper_train_105.png,1,paper,carton
common/images/train/paper/paper_train_106.png,1,paper,sheet
common/images/train/paper/paper_train_107.png,1,paper,carton
common/images/train/paper/paper_train_108.png,1,paper,sheet
common/images/train/paper/paper_train_109.png,1,paper,carton
common/images/train/paper/paper_train_110.png,1,paper,sheet
common/images/train/paper/paper_train_111.png,1,paper,carton
common/images/train/paper/paper_train_112.png,1,paper,sheet
common/images/train/paper/paper_train_113.png,1,paper,carton
common/images/train/paper/paper_train_114.png,1,paper,sheet
common/images/train/paper/paper_train_115.png,1,paper,carton
common/images/train/paper/paper_train_116.png,1,paper,sheet
common/images/train/paper/paper_train_117.png,1,paper,carton
common/images/train/paper/paper_train_118.png,1,paper,sheet
common/images/train/paper/paper_train_119.png,1,paper,carton
common/images/train/paper/paper_train_120.png,1,paper,sheet
common/images/train/paper/paper_train_121.png,1,paper,sheet
common/images/train/paper/paper_train_122.png,1,paper,sheet
common/images/train/paper/paper_train_123.png,1,paper,carton
common/images/train/paper/paper_train_124.png,1,paper,sheet
common/images/train/paper/paper_train_125.png,1,paper,carton
common/images/train/paper/paper_train_126.png,1,paper,sheet
common/images/train/paper/paper_train_127.png,1,paper,carton
common/images/train/paper/paper_train_128.png,1,paper,sheet
common/images/train/paper/paper_train_129.png,1,paper,carton
common/images/train/paper/paper_train_130.png,1,paper,sheet
common/images/train/paper/paper_train_131.png,1,paper,carton
common/images/train/paper/paper_train_132.png,1,paper,sheet
common/images/train/paper/paper_train_133.png,1,paper,sheet
common/images/train/paper/paper_train_134.png,1,paper,carton
common/images/train/paper/paper_train_135.png,1,paper,carton
common/images/train/paper/paper_train_136.png,1,paper,carton
common/images/train/paper/paper_train_137.png,1,paper,carton
common/images/train/paper/paper_train_138.png,1,paper,sheet
common/images/train/paper/paper_train_139.png,1,paper,carton
common/images/train/paper/paper_train_140.png,1,paper,sheet
common/images/train/paper/paper_train_141.png,1,paper,carton
common/images/train/paper/paper_train_142.png,1,paper,sheet
common/images/train/paper/paper_train_143.png,1,paper,carton
common/images/train/paper/paper_train_144.png,1,paper,sheet
common/images/train/paper/paper_train_145.png,1,paper,carton
common/images/train/paper/paper_train_146.png,1,paper,sheet
common/images/train/paper/paper_train_147.png,1,paper,carton
common/images/train/paper/paper_train_148.png,1,paper,sheet
common/images/train/paper/paper_train_149.png,1,paper,sheet
common/images/train/paper/paper_train_150.png,1,paper,sheet
common/images/train/paper/paper_train_151.png,1,paper,carton
common/images/train/paper/paper_train_152.png,1,paper,sheet
common/images/train/paper/paper_train_153.png,1,paper,carton
common/images/train/paper/paper_train_154.png,1,paper,sheet
common/images/train/paper/paper_train_155.png,1,paper,carton
common/images/train/paper/paper_train_156.png,1,paper,sheet
common/images/train/paper/paper_train_157.png,1,paper,carton
common/images/train/paper/paper_train_158.png,1,paper,sheet
common/images/train/paper/paper_train_159.png,1,paper,carton
common/images/train/paper/paper_train_160.png,1,paper,sheet
common/images/train/paper/paper_train_161.png,1,paper,carton
common/images/train/paper/paper_train_162.png,1,paper,sheet
common/images/train/paper/paper_train_163.png,1,paper,carton
common/images/train/paper/paper_train_164.png,1,paper,sheet
common/images/train/paper/paper_train_165.png,1,paper,carton
common/images/train/paper/paper_train_166.png,1,paper,sheet
common/images/train/paper/paper_train_167.png,1,paper,carton
common/images/train/paper/paper_train_168.png,1,paper,sheet
common/images/train/paper/paper_train_169.png,1,paper,carton
common/images/train/paper/paper_train_170.png,1,paper,sheet
common/images/train/paper/paper_train_171.png,1,paper,sheet
common/images/train/paper/paper_train_172.png,1,paper,sheet
common/images/train/paper/paper_train_173.png,1,paper,carton
common/images/train/paper/paper_train_174.png,1,paper,sheet
common/images/train/paper/paper_train_175.png,1,paper,carton
common/images/train/paper/paper_train_176.png,1,paper,sheet
common/images/train/paper/paper_train_177.png,1,paper,carton
common/images/train/paper/paper_train_178.png,1,paper,carton
common/images/train/paper/paper_train_179.png,1,paper,carton
common/images/train/metal/metal_train_000.png,2,metal,can
common/images/train/metal/metal_train_001.png,2,metal,cap
common/images/train/metal/metal_train_002.png,2,metal,can
common/images/train/metal/metal_train_003.png,2,metal,cap
common/images/train/metal/metal_train_004.png,2,metal,can
common/images/train/metal/metal_train_005.png,2,metal,cap
common/images/train/metal/metal_train_006.png,2,metal,can
common/images/train/metal/metal_train_007.png,2,metal,cap
common/images/train/metal/metal_train_008.png,2,metal,can
common/images/train/metal/metal_train_009.png,2,metal,cap
common/images/train/metal/metal_train_010.png,2,metal,can
common/images/train/metal/metal_train_011.png,2,metal,cap
common/images/train/metal/metal_train_012.png,2,metal,can
common/images/train/metal/metal_train_013.png,2,metal,can
common/images/train/metal/metal_train_014.png,2,metal,can
common/images/train/metal/metal_train_015.png,2,metal,cap
common/images/train/metal/metal_train_016.png,2,metal,can
common/images/train/metal/metal_train_017.png,2,metal,cap
common/images/train/metal/metal_train_018.png,2,metal,can
common/images/train/metal/metal_train_019.png,2,metal,cap
common/images/train/metal/metal_train_020.png,2,metal,can
common/images/train/metal/metal_train_021.png,2,metal,cap
common/images/train/metal/metal_train_022.png,2,metal,can
common/images/train/metal/metal_train_023.png,2,metal,cap
common/images/train/metal/metal_train_024.png,2,metal,can
common/images/train/metal/metal_train_025.png,2,metal,cap
common/images/train/metal/metal_train_026.png,2,metal,can
common/images/train/metal/metal_train_027.png,2,metal,cap
common/images/train/metal/metal_train_028.png,2,metal,cap
common/images/train/metal/metal_train_029.png,2,metal,cap
common/images/train/metal/metal_train_030.png,2,metal,can
common/images/train/metal/metal_train_031.png,2,metal,cap
common/images/train/metal/metal_train_032.png,2,metal,can
common/images/train/metal/metal_train_033.png,2,metal,cap
common/images/train/metal/metal_train_034.png,2,metal,can
common/images/train/metal/metal_train_035.png,2,metal,cap
common/images/train/metal/metal_train_036.png,2,metal,can
common/images/train/metal/metal_train_037.png,2,metal,can
common/images/train/metal/metal_train_038.png,2,metal,can
common/images/train/metal/metal_train_039.png,2,metal,cap
common/images/train/metal/metal_train_040.png,2,metal,can
common/images/train/metal/metal_train_041.png,2,metal,can
common/images/train/metal/metal_train_042.png,2,metal,cap
common/images/train/metal/metal_train_043.png,2,metal,cap
common/images/train/metal/metal_train_044.png,2,metal,can
